,AAPL,DIS,GE,HD,JPM,LLY,NEE,SHW,WMT,WY,XOM
1994-01-01,0.012816322061022073,0.051956078924853294,0.03628358390728437,7.471794927488323e-19,0.0,0.05534661380740706,0.5455254752069034,0.08380979134659651,1.3605814823873345e-18,0.001241293446721872,0.21302084129921142
1994-02-01,0.014048394056751038,0.05125492479619698,0.037081832407930115,5.385090576863112e-19,0.0,0.05557832604059165,0.5320787250410532,0.08513454404015508,1.2184321824332296e-18,0.003972065837976924,0.22085118777934487
1994-03-01,0.014824543870071231,0.05346281295926708,0.03598603838039376,5.500089787010464e-19,0.0,0.05749607357721542,0.5221414554038087,0.08666062594979597,1.3004790660594922e-18,0.002571024937813185,0.2268574249216347
1994-04-01,0.013060847568751609,0.052951691265219064,0.0343522124249382,4.610878693661235e-19,0.0,0.060137024544872346,0.5175650971216554,0.08716917668813175,1.1679192194880111e-18,0.0031913642665039503,0.2315725861199275
1994-05-01,0.012851692263415959,0.05281643808382232,0.04225751764881644,3.726899937775297e-19,0.0,0.061802029932254816,0.5048129177343139,0.08732656779392327,1.0347730471624461e-18,0.0018937150094397422,0.2362391215340135
1994-06-01,0.01173248678554019,0.059199020295746516,0.06161204359358618,2.902886838701705e-19,2.5138636065936268e-19,0.09027271522030572,0.40126560993462457,0.09396115357561184,6.571289348057852e-19,0.009569416996826088,0.2723875535977588
1994-07-01,0.012357919646264778,0.05888143063594781,0.062158392709042214,2.517817126686134e-19,2.2038291312857542e-19,0.09411856870607452,0.39461845879434093,0.09628880032278131,6.151727457545326e-19,0.011307364747906366,0.27026906443764204
1994-08-01,0.01155492475984134,0.060540853623777494,0.06643679375441594,2.261997126149828e-19,2.166989327732693e-19,0.0886202306181444,0.38796429195447324,0.09536372791821317,5.541974545235002e-19,0.01185717100642739,0.2776620063647072
1994-09-01,0.011972808038297719,0.05550028235136722,0.06985281881982436,2.41585904131544e-19,2.0954123681459423e-19,0.08955561575430657,0.38663009198548115,0.09650526944887491,5.263572393502208e-19,0.012865464751272874,0.2771176488505754
1994-10-01,0.010976471636195886,0.054556491771286124,0.07453157524779626,2.378922248613915e-19,2.181812245748663e-19,0.09128612106456108,0.3829198558906469,0.09509084562564764,4.960215763030292e-19,0.012759127018905084,0.2778795117449612
1994-11-01,0.01167526511614939,0.054207261962756506,0.08165317361851115,1.8421400485396154e-19,1.589300774155929e-19,0.10189033223716629,0.35908290923212954,0.09016598413665816,3.770627799380573e-19,0.01907823832842805,0.282246835368201
1994-12-01,0.011062730882435381,0.050028998378951,0.09014736118652823,1.8857576412246814e-19,1.2935314266422368e-19,0.09955716861212177,0.3560304734843679,0.08912188876543867,3.1910227399125786e-19,0.02036732191338267,0.28368405677677455
1995-01-01,0.009057808268231882,0.05142352802622586,0.08524509395127529,1.7878462615206294e-19,8.826947820059772e-20,0.09992766228560931,0.3583072196810111,0.08849350861593264,3.1056602612478994e-19,0.021336800500354667,0.28620837867135945
1995-02-01,0.008580582378408976,0.05184546573663135,0.08858798295773039,1.7245074563772574e-19,7.565590919123236e-20,0.09784680192918896,0.3555632387789523,0.08583743545353399,2.8600073351888597e-19,0.023861155535705884,0.28787733722984826
1995-03-01,0.009274097243115297,0.05278573283719036,0.0840936465444533,1.6042752249953559e-19,1.0428090206736706e-19,0.10051314999634538,0.3514684277546069,0.08482928457192453,2.914325987096121e-19,0.02334080057733628,0.2936948604750279
1995-04-01,0.010373468414643223,0.052775688397501054,0.08207166622725161,1.1998184435222336e-19,1.2447508417404498e-19,0.09925735477202932,0.34686030392620576,0.08490052820967367,2.723366211307564e-19,0.025291144352010908,0.29846984570068463
1995-05-01,0.011466812519676808,0.052640908705916686,0.08260853613500879,1.1644061553659888e-19,1.1069595156625399e-19,0.09885133572792823,0.34578518534835745,0.08657836721256926,2.6006568922005454e-19,0.024682453174608834,0.29738640117593407
1995-06-01,0.01254745392871108,0.05456775967632772,0.07966559565158404,1.2047674140694475e-19,1.0000433017000565e-19,0.10295905633111471,0.3448158112593564,0.08309408642435953,2.408387249118954e-19,0.02427016214179054,0.29808007458675606
1995-07-01,0.014505893528607315,0.0604819940029544,0.07386203373767027,1.3348493897927601e-19,1.1411262903173735e-19,0.10459818308325518,0.33932092869592073,0.08054521767082307,2.3727746137156657e-19,0.022910876882213115,0.30377487239855583
1995-08-01,0.013346533494074633,0.05949382246590506,0.07281297932487538,1.271595439099248e-19,1.6181405707084273e-19,0.10919108581394862,0.3299452982046393,0.07807167140929809,2.0908434416133453e-19,0.02094029973474734,0.31619830955251166
1995-09-01,0.014068169464538639,0.0650710502431496,0.0873996409279502,1.0020043972126097e-05,7.611844269557633e-06,0.11665176318187083,0.31233892380335815,0.08091900736564644,0.00033250313341250966,0.01898625642615994,0.304215160509153
1995-10-01,0.015313373911160227,0.06605261265485889,0.08299598508233426,3.968593135018762e-20,1.3874410606699942e-19,0.11502333530498234,0.31992440967721425,0.08093393361557243,1.5254328761903055e-19,0.0169179922842057,0.30283835746967197
1995-11-01,0.019871859808859832,0.06163080532936905,0.0945639431782646,1.1833189537890956e-19,6.570868802850124e-20,0.1149626435775943,0.3246745828081446,0.08369945701634257,0.003022103260563838,0.01478795437450336,0.282786650646358
1995-12-01,0.021390088758315124,0.059904275530204346,0.10277026522685445,6.968214897803211e-20,0.0,0.11403151761369697,0.31837362058034185,0.0862329208343295,0.00881060085477193,0.015913972272996225,0.27257273832848966
1996-01-01,0.02161867618766517,0.061915439423872995,0.09960856111216575,0.002256171151692338,0.002362575096406282,0.11081581734244222,0.32370731643598943,0.08868781697636711,0.008631880441379773,0.020692694722142243,0.2597030511098767
1996-02-01,0.019424056002006047,0.06618151900682456,0.10624434034418806,0.010542914478224908,0.0,0.10268079993818217,0.31764244515440815,0.08843993898501547,0.013058756600452897,0.022965773108258637,0.2528194563824393
1996-03-01,0.019408522193064586,0.07035258232401566,0.10700707193523917,0.013091162810934401,0.005814786174093115,0.09687346377489776,0.30805863200120764,0.08726061710025412,0.010473451649828198,0.02379500825118092,0.25786470178528453
1996-04-01,0.025531597128518217,0.0757756864769046,0.10954602192128107,0.009870657464960759,0.008043649087821908,0.09612531347051351,0.3079858284887694,0.08179491361612527,0.014406708579070558,0.024563624595994874,0.24635599917003986
1996-05-01,0.029628551196049922,0.07284638820450044,0.10843837484933659,0.008578312745624959,0.010302851505023108,0.09039548001618891,0.3032224715899096,0.08841155017736625,0.018256355325574312,0.02367772591179917,0.24624193847862672
1996-06-01,0.026740030688555176,0.07254080792180242,0.10351657785842268,0.010293280690732317,0.009761335084154022,0.08904151597391546,0.3015038866770257,0.09103744463565876,0.023386500755665233,0.025529552887000612,0.24664906682706753
1996-07-01,0.026995634101241922,0.07049560232427511,0.1081395429224067,0.0059617720172371776,0.011050237780280303,0.08753778302206261,0.29561118686582977,0.08997644530014266,0.02751485886976228,0.028355275240175417,0.24836166155658612
1996-08-01,0.02198043160181312,0.06996418068781025,0.1025718441699448,0.005990237061600005,0.011970244897439659,0.08167247414690901,0.29475459937458115,0.09157836376633753,0.03292908538618931,0.031012042696856423,0.2555764962105188
1996-09-01,0.02372683980820166,0.07050641410598532,0.10086136317335126,0.007345780655349593,0.010089663631321898,0.08307842223479256,0.2917549441388338,0.09596087964719091,0.03308086252046894,0.0351137675538551,0.24848106253064894
1996-10-01,0.024248849002160993,0.06986751494125829,0.10447097011651965,0.007946690081196308,0.00834640757910268,0.08014818365777353,0.2917803136079919,0.09912390459585105,0.031316188328147004,0.033942583411230645,0.24880839467876786
1996-11-01,0.024349363841259353,0.06899347554278652,0.11242449059249315,0.008255913891625243,0.012366465693581189,0.07859750523556078,0.28586625943785626,0.09951607646935709,0.0311250440841628,0.033595932266352206,0.24490947294496548
1996-12-01,0.025526768514219603,0.06879360068109969,0.11199159911922905,0.009331276224097658,0.012379262902219352,0.07277283555428664,0.28042144535185254,0.1019898418342935,0.03667054697779189,0.034077665095655844,0.2460451577452543
1997-01-01,0.026853656159722603,0.06512390162873458,0.10739034244837359,0.004935613483163638,0.015846662898240903,0.07150013023197593,0.28162783065715236,0.10428213952833121,0.038040895633389915,0.04174287757696992,0.2426559497539454
1997-02-01,0.025398837198920263,0.07306653633984339,0.09630575162382154,0.00795561077671379,0.01569022609840499,0.07053041928271467,0.29040018744390933,0.10192513199006745,0.03646703967226851,0.04614567213031619,0.23611458744302002
1997-03-01,0.02414592772673888,0.07491429906215068,0.09385897689441035,0.010593866475076043,0.014508504058169433,0.0683284792280517,0.28913030303204534,0.10243482139444933,0.036372670074622374,0.049009953818013645,0.23670219823627212
1997-04-01,0.026748301347963903,0.07460433166793254,0.09266148116360659,0.014955187145055629,0.008389042409758138,0.060184835001133086,0.2933182081008453,0.10150193888843967,0.038265570654485104,0.048698478403144965,0.24067262521763502
1997-05-01,0.02933577235410979,0.06965809055709868,0.08587795212891668,0.017759476489510335,0.01349487264297446,0.058949141524923976,0.29921652697259155,0.09501137450779472,0.04311825870160972,0.05219266595249617,0.2353858681679739
1997-06-01,0.028446759852955313,0.07132936908998924,0.08244655378833715,0.02162232876693631,0.00965215781247402,0.055471226430150275,0.301921710956185,0.09589157503619405,0.04629112986835913,0.05047289407618249,0.23645429432223702
1997-07-01,0.03003381840969745,0.07525958576519536,0.07933073641352448,0.024276517194718895,0.010457211544488537,0.05192550030455788,0.30588413752458904,0.09212419925443262,0.045963842700544925,0.04668991947836688,0.23805453140988403
1997-08-01,0.030990395780981866,0.07688450165674574,0.07876934171551596,0.024427764475587456,0.007177789423308469,0.053319105355588904,0.31040542404221105,0.09362590922792396,0.045456933188905695,0.053383590842677936,0.225559244290553
1997-09-01,0.02557718694646674,0.07905436467124642,0.06642150796270635,0.026613249053059784,0.011827966938045442,0.05140034806786145,0.3208303775547854,0.10395660301726405,0.04362166228393295,0.054629315575352,0.21606741792927955
1997-10-01,0.026050194750871176,0.07722045022271881,0.0561593860237795,0.028700240512507587,0.015300321883046598,0.049666445069288336,0.3260335677576312,0.10826144736903003,0.04128777208605319,0.0596060617838302,0.2117141125412434
1997-11-01,0.02713125381470753,0.0776056645094079,0.04357121271938889,0.031097553305450155,0.01583801215414495,0.03885274312997508,0.3623789536940224,0.10171774905677618,0.03809406697825843,0.06614253996602235,0.19757025067184605
1997-12-01,0.02776617123551795,0.07502402766472814,0.035209067553380415,0.031470396744798707,0.011075668886968846,0.040675831162767934,0.3704919482757385,0.1032841026093254,0.03745627533849864,0.06694276985668342,0.20060374067159203
1998-01-01,0.027861474828083037,0.07508453639251869,0.0341691076085091,0.03151517438246486,0.008524390090195523,0.04212497107370711,0.37683824668580473,0.10032177302137323,0.034954895727125526,0.06792812380594292,0.20067730638427522
1998-02-01,0.027729995435819704,0.07659425808737298,0.03289521311652321,0.031787223925468955,0.004447156866796739,0.04083536818628837,0.38259422992027925,0.09914596398329802,0.03520747893548949,0.06680257665747703,0.20196053488518617
1998-03-01,0.027342167950501494,0.08197214372836377,0.030305054651727507,0.03177241168243071,0.005273252079992987,0.04151368410134548,0.38149271273862106,0.09772125307302773,0.034161797516799805,0.0709941058740735,0.19745141660311594
1998-04-01,0.026424012894348883,0.07775580557612054,0.030645570835245283,0.030789728068916843,0.003497390952563118,0.04162459523330902,0.3804477589206536,0.10151130293181886,0.03689468895704231,0.07257751170566411,0.19783163392431743
1998-05-01,0.02664847818191195,0.07720531864497596,0.025363092486933466,0.030483006128212947,0.011389348411965086,0.04290101940439226,0.38219557507986,0.09330983377505635,0.03484663477751077,0.07316749504146161,0.20249019806771965
1998-06-01,0.025999162512374763,0.07724450076735924,0.01816787166926202,0.030612266922744186,0.01995555380516882,0.04222309208377656,0.3793965608731899,0.09585415069578206,0.036605589243719594,0.0742648839235517,0.19967636750307113
1998-07-01,0.027033876477483957,0.07562380160328024,0.012968334898374269,0.02947817670004697,0.02444004608475807,0.043382595249545436,0.3805084705427489,0.09546820847550111,0.03458928528782882,0.07663096067221822,0.19987624400821397
1998-08-01,0.02825530415357474,0.08048728339061817,0.012687488627071064,0.02654253885464472,0.026163602317901408,0.04478929008331914,0.3847573031495387,0.09437902692192358,0.03351794812923793,0.0759001138301109,0.19252010054205979
1998-09-01,0.027553376025462786,0.07257092593645768,0.007864397208330438,0.021023211823846807,0.013956615753841847,0.0422120842662437,0.40338410258329976,0.09779129126029529,0.02622845618098797,0.08519938579287634,0.2022161531683573
1998-10-01,0.02782096514314136,0.06845878251918923,0.012712961264491248,0.011875745584125186,0.004124948465714009,0.043034956597929656,0.40611480596385063,0.10296811991088581,0.025724368598370385,0.0934894339048204,0.2036750108067536
1998-11-01,0.031089560044593685,0.06776279641963735,0.015031062423601855,0.009875047208986472,0.0002802178887406838,0.04663377946501955,0.41711900792889695,0.09574075583010097,0.02808083232560847,0.09234971547026727,0.1960372249945468
1998-12-01,0.03201908178380773,0.06225709345126906,0.019190154001343218,0.007219200154854218,0.005691939604720785,0.042005715128680024,0.4256391046163657,0.09443641422202331,0.02685912120890511,0.09301156589355342,0.19167060993447738
1999-01-01,0.03242609017931278,0.06286013609605999,0.015332377075432682,0.004460367086448035,0.0032029965090674905,0.038712544007753605,0.42734304574189724,0.09828409252525852,0.025672218062716183,0.09499194079520785,0.1967141919208456
1999-02-01,0.032139316601876876,0.06429031107670762,0.010684379314897203,0.0072714475131942825,0.002567728688114739,0.03921910828423512,0.43448909621439297,0.09711371166910922,0.030171058660376903,0.0901578795256606,0.19189596245143437
1999-03-01,0.032044879929336724,0.06687248859195188,0.01069512453424658,0.011833150909039816,0.006156495304943717,0.043184452535900884,0.4242102167154914,0.09472147218876953,0.028556899204755497,0.09132797524081825,0.1903968448447458
1999-04-01,0.0331522359180537,0.06210744595086752,0.020395939865385165,0.013101791525437275,0.007184974978657877,0.040740268549231615,0.42017994082578874,0.09039152479345162,0.027779708297407352,0.09448588679209802,0.19048028250362126
1999-05-01,0.03392656884507078,0.06441015319413701,0.02124195948254973,0.01714356564247698,0.006132258191889836,0.04211729146873322,0.42248552441052384,0.08618009285248064,0.028495954198253712,0.09435603518696756,0.18351059652691679
1999-06-01,0.03195540567210228,0.06980139071657888,0.019057072344899704,0.016851276317420658,0.005163066655659421,0.03531713366774904,0.48911851534334416,0.07931641090055397,0.020523046206637842,0.07730524016078986,0.15559144201426423
1999-07-01,0.030996696013840978,0.06918176474251295,0.015546243148122686,0.020089515987777938,0.005555411692859417,0.03354807080334602,0.4914855439761431,0.07738569697307623,0.02330357239030755,0.07776670618854017,0.1551407780834729
1999-08-01,0.03253853243274753,0.06848917100463765,0.012108662355786184,0.019159456589037924,0.006508269211063745,0.03636165048059258,0.49292945399562144,0.07468483612338873,0.02337069055768215,0.07883457006238032,0.15501470718706173
1999-09-01,0.03295063699424094,0.06800274906364916,0.009134270107756732,0.01880892054293137,0.006264930381292846,0.03718594979627654,0.49030566107204,0.0737908355852799,0.023120462417612404,0.08335740565905284,0.15707817837986723
1999-10-01,0.0300709769624831,0.07066141611059874,0.007956990759179569,0.019570740671162143,0.005584118202377239,0.03650076714579703,0.4946267220522856,0.07282409815341792,0.023949336248283357,0.08350053280798066,0.15475430088643466
1999-11-01,0.028617949706216703,0.07253978464564612,0.004848632048554904,0.02156073301954081,2.427949586784251e-19,0.038238197159541736,0.5026178820661495,0.0717599296572069,0.02118602524583964,0.08389107739450946,0.15473978905679403
1999-12-01,0.02857593041302176,0.07387968331220612,0.0019882976206369207,0.022807785587672564,2.242430574181205e-19,0.04226141039130646,0.49797165313034353,0.07531908627674287,0.019512262950262312,0.08290068892001289,0.15478320139779453
2000-01-01,0.02721131490884596,0.07118793628998474,0.018448998677938554,0.022897049513789205,2.0965898184529044e-19,0.03501276255800453,0.49973263116934363,0.06961705813244141,0.022625343421343785,0.07795188153586641,0.15531502379244175
2000-02-01,0.03026052871992012,0.08279367577689077,0.017516357511836445,0.014686045770363594,1.8044840213531936e-19,0.03808412488047271,0.4943952461424726,0.07261978808882011,0.02391068941228608,0.08001133603950221,0.1457222076574355
2000-03-01,0.02963201461906561,0.08195896177115225,0.018705907300768713,0.017800101603576857,1.4959552476939064e-19,0.03876189823385959,0.4900818554245706,0.07334825054042367,0.02154194350099736,0.08270941578302446,0.14545965122256077
2000-04-01,0.03208272054356087,0.09275207415197423,0.037109062124996116,0.01419502414252807,1.2895256399175484e-19,0.03646475675820041,0.4609079391528162,0.0630900222026198,0.0211256153892472,0.08033417865693443,0.16193860687712266
2000-05-01,0.03575063569742494,0.09465843937725593,0.04421291035275155,0.013359634560265565,9.57206524307378e-20,0.04065864417407944,0.45427495689217795,0.06365629045855431,0.010692359706067078,0.07898228025826566,0.1637538485231576
2000-06-01,0.036834891890723115,0.09542855028662543,0.04482363811347949,0.011914227084257007,8.494620696300574e-20,0.04250587856826383,0.44965893153885816,0.0658176382419086,0.009704392834032585,0.08111397729328286,0.16219787414856904
2000-07-01,0.03533682930147288,0.09533656189980932,0.044688721800850914,0.014138776244474774,1.2840063137835941e-19,0.04370520750634743,0.4465672264427124,0.06805489546044781,0.013038416122117473,0.08313257657857888,0.15600078864318806
2000-08-01,0.03618016444296355,0.09854095296784926,0.046024564298605485,0.01185349915603395,0.002270601090027165,0.050525049374215814,0.43360632232607105,0.06566966263353047,0.009995919161471457,0.08577903507162696,0.15955422947760495
2000-09-01,0.037114534595760786,0.09816684589843074,0.059484607822948475,0.015061133640449123,0.0017020154774733543,0.03900195440003615,0.42737181477254405,0.06496660882997883,0.006642830967786887,0.08565122830364098,0.1648364252909507
2000-10-01,0.03470431905960616,0.09680248908551106,0.0623176129908786,0.013509754068252418,0.005135535833901461,0.04040895845693447,0.42471028059057475,0.06588818606315007,0.005774138308891505,0.08676827893697112,0.16398044660532846
2000-11-01,0.03297017389768683,0.09634627064170788,0.06550571761962623,0.002714133802406475,6.460487168339625e-20,0.045399615092535324,0.4099925965253872,0.0698313219721334,0.01149176632691938,0.09211980254782434,0.17362860157377286
2000-12-01,0.03282757094657668,0.09362762303837284,0.06347653709483185,2.529314261342808e-20,0.001817924754754388,0.0451914314086001,0.4122408828588706,0.07222918163410677,0.013335913540630353,0.09200989236004165,0.17324304236321472
2001-01-01,0.03285498117987668,0.093923808472773,0.06194937162274951,3.2411521502197096e-20,0.0024976668514819864,0.04803238823330696,0.4122157955349642,0.07038500009575854,0.015353550147550056,0.08967456530175966,0.1731128725597795
2001-02-01,0.03618351058994284,0.09290501663475992,0.0597274799919354,4.713305922019914e-20,0.00993249001224826,0.04988873525032669,0.39756162702255515,0.06729786016794094,0.013355336947727198,0.0909108753724603,0.18223706801010336
2001-03-01,0.0357444372542774,0.09054529066146341,0.05424113659320894,4.7643012316835295e-20,0.011072229601159686,0.05275835389357724,0.3948658229388998,0.06765381080121498,0.01702798186699739,0.09317053465983667,0.1829204017293644
2001-04-01,0.0363884060537393,0.08624992638445388,0.04771202954803114,4.4838409478619834e-20,0.004730462826572983,0.05817339509640559,0.39308116997742387,0.0743632989933681,0.01893345491555714,0.09303912677616089,0.18732872942828718
2001-05-01,0.03593185398491722,0.08505052564940235,0.04011571630294074,3.897492300984058e-20,0.005752355351385764,0.06192513514316424,0.3979788750740864,0.06806202659540644,0.021447826832837878,0.09319143506477427,0.1905442500010847
2001-06-01,0.03487010075015583,0.08502836370787024,0.038930552529086955,3.6920689967825756e-20,0.007104755985674786,0.06239067006457503,0.39543400605485013,0.06832383810026901,0.021916555538323057,0.09250475290642914,0.1934964043627658
2001-07-01,0.035176489585749156,0.08430894119229114,0.0381596407174278,3.613879316530557e-20,0.006511103217641191,0.0629015423279692,0.39494594032518765,0.0696323900159257,0.02244024397775882,0.09186960800088494,0.19405410063916442
2001-08-01,0.036791425357841634,0.08403094274336242,0.03677975235981455,3.7569824801674816e-20,0.00877186811533181,0.06765609252173922,0.39067595257480947,0.07218824800578703,0.020389854300209904,0.09153518393162756,0.1911806800894764
2001-09-01,0.03613851914735852,0.08417724869882946,0.033662278852567916,3.880313753097185e-20,0.010559073639544957,0.06786994708719539,0.391017729691952,0.07382258023305296,0.019406071500806563,0.09177643707986478,0.19157011406882749
2001-10-01,0.03850011421932532,0.07547868766511737,0.021959222689720614,4.79878314216985e-20,0.01109044254387564,0.0732698448203973,0.4017799697885082,0.07230802378523739,0.026040514155105537,0.08935856495068666,0.19021461538202597
2001-11-01,0.038153936977247366,0.07301097119174824,0.021648335699461067,4.844614110812261e-20,0.012354928620845933,0.07413307515958864,0.40431818624974086,0.07266805440103646,0.02572806518576897,0.08670887994460613,0.1912755665699563
2001-12-01,0.038044268771000936,0.07313839169511778,0.018749459633367525,4.87011642719418e-20,0.01282256601665086,0.07734791202453757,0.4019801409439937,0.07294895623733334,0.026469348910282672,0.08843537893145319,0.1900635768362624
2002-01-01,0.03670072597718268,0.07311160941594587,0.02207287114617632,4.82118310672735e-20,0.011435146248888615,0.07898216042844149,0.4026950637763724,0.07549188757538748,0.026033527246715787,0.08719827785704058,0.1862787303278489
2002-02-01,0.03666205487534189,0.07172568298076727,0.023714929573255054,4.635682016397821e-20,0.006519947506030222,0.0810034341187948,0.399306992436773,0.07877386164722631,0.02772193784405766,0.08706481722333259,0.18750634179442133
2002-03-01,0.036691048510071246,0.0688641027200906,0.023786813781389467,4.7543816937369e-20,0.006662318766726662,0.08203717422440383,0.40044713333921184,0.0760972470741573,0.02991876200630103,0.08584390119409892,0.1896514983835491
2002-04-01,0.03495117328236753,0.06992657767858187,0.023654673305322754,4.982500124749998e-20,0.006909391138594455,0.08694001058760865,0.3996607233138965,0.07562417824013658,0.0292987773431929,0.08470543664136974,0.188329058468929
2002-05-01,0.03442776370587631,0.06933241356720253,0.020773276371385298,4.8918661614211764e-20,0.0069944935711591955,0.09008416933653243,0.39506531120571936,0.08198069742260468,0.028276346165855504,0.08151809143445914,0.19154743721920556
2002-06-01,0.03310387746626695,0.06976461620611538,0.01962929201308225,4.8185722458306513e-20,0.005309049428900157,0.09219606768612285,0.39618844426686917,0.08395135661160216,0.026168486714401747,0.08311229915481406,0.19057651045182517
2002-07-01,0.03140340685086424,0.06893025830891925,0.020704034597954106,4.73427579316313e-20,0.0009756965544646664,0.09527730961271365,0.39035350766661014,0.08667182406689715,0.025974540028280254,0.0869918482892256,0.19271757402407105
2002-08-01,0.03250304868096856,0.06969047924125554,0.006967421571848078,5.4203774739291365e-20,5.196473357534363e-20,0.10330259735782919,0.3784073376375084,0.09243250558540579,0.03302306344650649,0.08942720504682712,0.19424634143185093
2002-09-01,0.036134097458683616,0.06213749439684474,0.004632561166972567,4.8745871514367363e-20,5.326622268851943e-20,0.10155654663763923,0.38524353757890045,0.09233242662228086,0.03563113010313989,0.09246287342726017,0.18986933260827865
2002-10-01,0.03674288994666369,0.05908313205952667,0.0072160419251659415,4.322169590976723e-20,4.588489380882997e-20,0.10436585200760884,0.3842839337688942,0.09942837885919711,0.03526278135631455,0.08659574608669945,0.18702124398992975
2002-11-01,0.03820598162387015,0.0565394991489659,3.042965179032862e-20,4.717587817674677e-20,2.762203540922948e-20,0.11952152357989784,0.3601718338293854,0.10556514589309972,0.042547279758326964,0.0742493001431776,0.20319943602327648
2002-12-01,0.03673070608456306,0.05480130478381361,2.887276406600211e-20,4.3420880691590325e-20,2.4291105577991675e-20,0.11528032573241305,0.35997497469020584,0.10639659493271299,0.04798268451463474,0.07126817477164211,0.20756523449001468
2003-01-01,0.036464795106290436,0.05395935395951972,2.903878027438108e-20,4.256145055176677e-20,2.6555756418866382e-20,0.1160249499452447,0.35902579942028984,0.10546500554844541,0.04937240009329222,0.0708405412864116,0.20884715464050616
2003-02-01,0.03763805898464771,0.048812422254620555,2.7761750167744405e-20,4.185251547593701e-20,2.3785848707650812e-20,0.11700706905809478,0.35802380968679226,0.106442457550389,0.05253528509541543,0.07278555906358299,0.20675533830645737
2003-03-01,0.037238325318037134,0.04750827878823149,2.7018657088672505e-20,4.229497354760441e-20,2.383973083656417e-20,0.11840485354642168,0.355025328972406,0.1057179907538211,0.05320569300394595,0.07432761015825806,0.20857191945887857
2003-04-01,0.039369376330105676,0.042196382475934664,2.7334504173412335e-20,4.231084391519338e-20,2.6380865511224355e-20,0.11853375940237083,0.3611176952691061,0.10379379546202712,0.049959478856404047,0.0744153286929626,0.210614183511089
2003-05-01,0.038766876637209326,0.04076231267766377,2.796194881493911e-20,4.279632397732205e-20,2.807033539428096e-20,0.11939700914311198,0.36116797782115434,0.10469699941320953,0.04984862892844424,0.07675751707508595,0.2086026783041209
2003-06-01,0.038641419357357834,0.03983224225446955,2.7829892279847726e-20,4.2074926941489054e-20,2.6919328575859866e-20,0.11945633906725987,0.36012245803256526,0.10460752312159338,0.05190811823508344,0.07670519687951903,0.20872670305215169
2003-07-01,0.037724794194598,0.03991360274460553,2.810567009664768e-20,4.1470703492205515e-20,2.788560837141219e-20,0.11688860296378216,0.3588140035442253,0.10598132395819189,0.053709389558075755,0.07551778180436719,0.2114505012321542
2003-08-01,0.03826143054650755,0.03877112776036276,2.8386168598751234e-20,4.1989396335743735e-20,2.899928031719684e-20,0.11767638346506674,0.3542403775417185,0.10451748711232588,0.054307632670257476,0.07658433421257205,0.21564122669118915
2003-09-01,0.03848433407348108,0.043342285382722785,3.077670329502793e-20,4.121316243769321e-20,2.79388738949366e-20,0.12123294827983976,0.34843251553759325,0.10585596791388065,0.05841096491165594,0.07196453328267795,0.21227645061814865
2003-10-01,0.03828287113223307,0.04595126320382576,3.136035647704402e-20,4.13387913413118e-20,2.8138260279263655e-20,0.122889241239124,0.34075122993810497,0.10769076857241616,0.061367570393302096,0.0679139618711836,0.21515309364981047
2003-11-01,0.036866601473691606,0.04539202291251802,3.8852256487507005e-20,4.923495117215191e-20,2.594416130641896e-20,0.12010636442299119,0.34212543456512917,0.10836699060624506,0.06204118510236714,0.06891854212701026,0.2161828587900476
2003-12-01,0.035973201672324165,0.04804645877218495,4.2634845686712026e-20,5.1634638468052007e-20,2.717865737591541e-20,0.12083437399679776,0.3394586467286897,0.10961434507739705,0.061097632545556294,0.0674647725397096,0.2175105686673406
2004-01-01,0.03611852439915112,0.04825410078446261,4.457964824759208e-20,5.452245808278628e-20,2.759599569617229e-20,0.12314913378782015,0.3388786980604114,0.11027212302265006,0.06222886934422292,0.06573601694288453,0.2153625336583974
2004-02-01,0.036664965961208544,0.046103551171468436,4.3658849722573016e-20,5.255059220618824e-20,2.625688427177156e-20,0.12563832662924446,0.3375882930192724,0.1110277664876694,0.06147779536474207,0.06577326504579312,0.21572603632060175
2004-03-01,0.03676414669872722,0.04071537979946726,4.638587683413681e-20,5.582050835637211e-20,2.4596034203903632e-20,0.12417495685676781,0.3440955592564877,0.11025989730394181,0.06425113041969802,0.0650997827551083,0.21463914690980193
2004-04-01,0.03570956621918006,0.042233145520342734,4.696324791045812e-20,5.62898485094418e-20,2.1692209823828683e-20,0.12486672582510304,0.34653501602953474,0.11376149233470463,0.06595820642321133,0.05895080203814073,0.2119850456097828
2004-05-01,0.03453387070000689,0.04032290989880573,4.852964545600813e-20,5.770046293601732e-20,2.0102068969656907e-20,0.12507170291655728,0.3478069894849525,0.11410172271914779,0.06652764463751235,0.057476066323720314,0.21415909331929736
2004-06-01,0.03604240204207267,0.03529955175280679,4.798625379590722e-20,5.651750646320478e-20,2.2569097694962614e-20,0.12246540747932919,0.34669002524985787,0.11215470057433873,0.07129777915040149,0.05952375181978822,0.21652638193140514
2004-07-01,0.03644883942967693,0.036030605059388744,5.0018110809543573e-20,5.800559868134739e-20,2.4974861661243398e-20,0.12332472688863329,0.34619459653936024,0.11222587886657177,0.07229824871038759,0.05762661625996383,0.21585048824601766
2004-08-01,0.03611745900604406,0.03577184367760886,5.133016788447484e-20,5.723656681861242e-20,2.6810157375194742e-20,0.12537709398102612,0.3440815162346699,0.11464375791796727,0.07267631844475865,0.054776262112579945,0.21655574862534518
2004-09-01,0.03532646269853614,0.03608923747093917,5.2795604472968185e-20,5.624041344535333e-20,2.477186384178948e-20,0.12369752700589541,0.34696565211798214,0.11341971423509113,0.07687389870085294,0.05057720345631611,0.21705030431438704
2004-10-01,0.03811413081122551,0.03444526066140847,5.3176698667508974e-20,5.715629777969818e-20,2.533875568907854e-20,0.12412655633181202,0.3459682447524487,0.11251332386793443,0.07811552679470529,0.050620098504534576,0.21609685827593106
2004-11-01,0.03769928792886216,0.035902104492414134,5.486876617625291e-20,5.773113709141393e-20,2.3736013641656335e-20,0.11920424338713438,0.3456084908461795,0.112153466185804,0.08522194347106787,0.049666406212736346,0.21454405747580166
2004-12-01,0.0374761262513368,0.037039744776167734,5.885137991949162e-20,5.8960088014509e-20,2.8950877888469964e-20,0.1190884422222215,0.344698303890352,0.10986800609027003,0.08514596767287314,0.049120642331781934,0.21756276676499703
2005-01-01,0.03746902744505201,0.035583971803290634,6.169292689167675e-20,5.893932199020614e-20,3.070210171073922e-20,0.12146943659768523,0.3416570830625179,0.1144820771440787,0.08261643609607862,0.05046077228892524,0.2162611955623716
2005-02-01,0.03644404631447069,0.023875142175239776,6.456365151758694e-20,6.691584172404103e-20,3.7002078490565815e-20,0.12091247758232478,0.3411625699123688,0.11249822507574161,0.08870313877876397,0.05031173991265316,0.2260926602484373
2005-03-01,0.03597025328889542,0.023986765019133233,6.636971469445202e-20,6.791557033898944e-20,3.719697355394506e-20,0.11974313175378316,0.341552231391277,0.11241626013351093,0.09696172246666461,0.04738226963246545,0.22198736631427024
2005-04-01,0.03334436234290002,0.011094116319269057,8.314302199358818e-20,8.892268550043401e-20,3.150706748049904e-20,0.12325984835169752,0.35374129398258103,0.12666003555279864,0.0982205572118296,0.05056852560666917,0.20311126063225501
2005-05-01,0.026285722249812866,0.004366755358562209,8.25868476797461e-20,8.195333598497135e-20,2.434167094439372e-20,0.12351848981629031,0.35689445867490494,0.12640977021997085,0.11478278024221217,0.052996114536277825,0.19474590890196886
2005-06-01,0.023541115087747724,0.0037617420132490882,8.785688338530426e-20,8.394332733791485e-20,3.112882965738463e-20,0.12022015838186187,0.3619858850727156,0.1288321462596056,0.12326670487557102,0.04680752671205921,0.19158472159719
2005-07-01,0.024018430340613867,0.0039267701493630545,1.1437339801609277e-19,8.157885996892233e-20,2.858107456721421e-20,0.12267844237252115,0.3640040228787377,0.1252643370794101,0.1211199168281153,0.04624428047883378,0.19274379987240525
2005-08-01,0.02293244147924243,5.534695850428029e-20,1.4142306753866634e-19,8.078733848153038e-20,2.169179362649427e-20,0.11547933775627933,0.3730388588289794,0.12755118004251953,0.12969338956807702,0.04539313843641664,0.18591165388848582
2005-09-01,0.017908840544586583,5.23701917393027e-20,1.4170142294384012e-19,7.349362295671839e-20,1.951587767305934e-20,0.15470686265918415,0.365558218424099,0.12228122296159584,0.13512533480796135,0.040502769921142046,0.16391675068143122
2005-10-01,0.015580116376755862,6.20145741086179e-20,1.5011927319784228e-19,6.764091597922727e-20,2.4001914533686146e-20,0.1545562141152647,0.3642733719810695,0.11986952252002803,0.1420364826165245,0.037897187214490716,0.16578710517586676
2005-11-01,0.01966814148797046,8.179795916616834e-20,2.4124101690483153e-19,9.803372532993507e-20,8.506066107286565e-20,0.1588997084997893,0.3787476873194881,0.113831263375234,0.1512140700545591,0.03279697622841365,0.14484215303454553
2005-12-01,0.01602807320536276,3.824090811433257e-20,2.186309066420605e-19,3.4938884460591394e-20,7.33808552757108e-20,0.16731702852200075,0.3730128008205645,0.10623078647876266,0.1667086141139792,0.03187103023486839,0.13883166662446186
2006-01-01,0.015700526227249104,6.179731330367727e-20,2.1162400928763261e-19,2.945856174878142e-20,9.796546086681498e-20,0.16326820097011646,0.3724433093985842,0.1080455292676879,0.17181850464735804,0.02709656471545862,0.14162736477354562
2006-02-01,0.0050411141730921415,1.1087103057067295e-19,2.396063785976414e-19,3.4210121917729435e-21,1.0314098909987195e-19,0.16967034846184328,0.3917108903371114,0.10702431874942542,0.18096743947688462,0.020457631267096033,0.12512825753454718
2006-03-01,0.003239334419750089,8.349717598473708e-20,2.4429883561392287e-19,0.0,6.311789771368015e-20,0.1711663597151716,0.3933544040842284,0.09792349672913307,0.19129947591272398,0.018668914068859826,0.12434801507013313
2006-04-01,2.3097216766741146e-19,1.4242442330707038e-19,2.97417369731303e-19,0.0,1.1504871099108732e-19,0.16501924823531822,0.3949299629580009,0.08850162595135162,0.20113268718370123,0.024196018159166454,0.12622045751246155
2006-05-01,1.883972680808305e-19,1.2366955539952337e-19,2.70634539156715e-19,0.0,8.203837366735621e-20,0.16085963117989974,0.3855070874737207,0.10357001624937359,0.20048294273262374,0.023206713863926066,0.1263736085004563
2006-06-01,1.891195870039597e-19,1.3993474776096768e-19,2.507780191716344e-19,0.0,7.0703367840929e-20,0.16021889172387674,0.39183443701680243,0.10048354593647967,0.20394853890194906,0.02287188674987636,0.12064269967101585
2006-07-01,1.8426378175286576e-19,1.3909949101670368e-19,2.534306455077485e-19,0.0,5.735387503374784e-20,0.1632407318414689,0.39804019313927097,0.097810957320784,0.20614349245649663,0.019228591284389192,0.11553603395759045
2006-08-01,7.539018421055602e-20,1.2262423883779897e-19,2.473429290297828e-19,0.0,4.74771271785986e-20,0.15765961572063414,0.4074520537952962,0.08979824332983474,0.2087747976163146,0.0180237742297074,0.11829151530821298
2006-09-01,6.231428437219924e-20,9.002667236470154e-20,2.3405374299563317e-19,0.0,3.7530064887239905e-20,0.15691252564060726,0.4047415414207554,0.08517483056667567,0.21520863765464265,0.018673613230604933,0.11928885148671406
2006-10-01,3.7268904404842016e-20,0.0,1.4703279898602184e-19,0.0,0.0,0.15300924435290084,0.39239897366601734,0.08912252944135285,0.21508750110154162,0.026334328089053175,0.12404742334913413
2006-11-01,2.8403692593525615e-20,0.0,1.1068585497664744e-19,0.0,0.0,0.1534266243576238,0.38520488468915043,0.08695798761212409,0.21643213115841523,0.03369622888453211,0.12428214329815433
2006-12-01,1.9180126569528074e-20,2.792330023426905e-21,1.2481412567900561e-19,0.0,0.0,0.15231467286627973,0.3896553516125651,0.08720577990496685,0.21652128861483844,0.028742034284280238,0.12556087271706964
2007-01-01,1.6191034438193824e-20,0.0,1.2690182817678977e-19,0.0,0.0,0.15025280757475198,0.38939540822630037,0.08594130424367323,0.22111179443166037,0.023037607807106113,0.13026107771650794
2007-02-01,0.0,1.9476100879030045e-05,3.1764053194994514e-05,0.0,1.2791500183579319e-05,0.1513362009653282,0.3749535888270113,0.08962283759790685,0.21455854600199312,0.02348211565802629,0.1460012101476763
2007-03-01,0.0,0.0,1.0279422698148951e-19,0.0,0.0,0.1486710080066009,0.3906227057072277,0.09312629609438385,0.21816107187385944,0.019853017543024338,0.1295659007749038
2007-04-01,0.0,4.2581177097549227e-20,9.551747820842693e-20,0.0,0.0,0.14862070433188954,0.3854237114637477,0.09432470664241725,0.21554517867843748,0.027124082067594507,0.12896161681591348
2007-05-01,0.0,3.4398109378198064e-19,0.0066082613359196305,0.0,3.5200189801201456e-19,0.14498752428440254,0.3862581514891075,0.09169917336624686,0.2158435232264251,0.02552903926240408,0.12907432703549418
2007-06-01,0.0,3.767795043999543e-19,0.018665329847360385,0.0,3.6029947106676887e-19,0.1461354110386394,0.3725190786580854,0.0862114203384114,0.22451118125034938,0.019429640766022445,0.13252793810113148
2007-07-01,0.0040958763889519115,3.6159415317727226e-19,0.033502053502692156,0.0,3.2825481790216245e-19,0.1487603938160189,0.361237629432554,0.08268964122980693,0.231677875359467,0.013402634898758578,0.1246338953717505
2007-08-01,0.010899746406780923,3.7080623994081245e-19,0.07464762316595687,0.0,3.899413009524427e-19,0.1317972172098808,0.37258003145937174,0.06348629805684569,0.22422435252471248,2.6597770028245865e-19,0.1223647311764513
2007-09-01,0.004831848202369384,3.1521483303271764e-19,0.08909487521323822,0.0,3.405570597119054e-19,0.15223276952001685,0.3293798704184982,0.058623042082394605,0.22220427264712916,2.7473936725241795e-19,0.1436333219163535
2007-10-01,0.0011514061676926224,0.0037309833846983645,0.0962284873237796,0.0,2.596214129008714e-19,0.15053074458849994,0.31380727847635287,0.04070946097286972,0.23301178557698277,1.9834804889676167e-19,0.16082985350912418
2007-11-01,4.697581017701343e-19,0.00658413705540043,0.15197588346936963,0.0004522338995432484,0.0,0.12711322973340838,0.31525081985519066,0.04300631556208564,0.2141979255041823,7.994316195579975e-21,0.14141945492081967
2007-12-01,1.4692373393674691e-05,0.023592500883359544,0.15857775102215477,0.0015700898679928885,0.0,0.14996696167333645,0.3040686112787933,0.04252701818002538,0.18402574639281855,0.00290770162902019,0.13274968687848698
2008-01-01,4.697401677267879e-19,0.019230611570687586,0.17382795887089864,0.0,0.0,0.1388869238321916,0.3181340639672144,0.036365480482978045,0.19993212522301285,8.595389611994128e-21,0.11362283605301696
2008-02-01,3.523603099876652e-19,0.038534299597604744,0.18042847384143978,0.0,0.0,0.13588513433175803,0.29316091048351084,0.01998017770377887,0.2031870291635053,0.0,0.12882397487840236
2008-03-01,3.138187805876397e-19,0.0460489430819278,0.1811839975692435,0.0,0.0,0.13344355571005345,0.28923857745256254,0.02343847012335366,0.2038906735420408,0.0,0.12275578252081805
2008-04-01,3.3765568849527833e-19,0.07511445044354872,0.16913699142297414,0.0,0.0,0.13876134882297766,0.27236747855491944,0.026810069161146314,0.21477636276259077,0.0,0.10303329883184281
2008-05-01,3.4893097282133673e-19,0.08224137895011456,0.1407873768154781,0.0,0.0,0.14495674381949963,0.2644861352406525,0.02144878563067384,0.2360845122425807,0.0,0.10999506730100071
2008-06-01,3.232421070767709e-19,0.09154919953655379,0.13723218877050483,0.0,0.0,0.14337669333255754,0.2569074421158544,0.019477005143855797,0.23493569545559703,3.1441753844279926e-20,0.11652177564507658
2008-07-01,4.162053278676344e-19,0.09636046539417342,0.1291740368895157,0.0,0.0,0.15972972020324905,0.24783026854010873,0.019662222377910068,0.23318181970858193,7.695682273721827e-20,0.11406146688646115
2008-08-01,4.072976295147241e-19,0.10086118667808154,0.12010911460532232,0.0,1.1269689776820048e-19,0.16486174053678201,0.2582721745436609,0.0093602906017879,0.23386840462876662,3.9982101628150104e-20,0.11266708840559862
2008-09-01,3.874419663675804e-19,0.09594328243333825,0.11740211484355796,0.0,1.5441212031369107e-19,0.17510222631489394,0.25888231925501415,0.0005792011755247192,0.23573170906285168,4.456030638283662e-20,0.11635914691481931
2008-10-01,6.426401560341376e-19,0.10182861233081361,0.03529714909224607,0.0,1.0131987311961756e-18,0.20291399812026428,0.24242149663905863,0.002354649645052727,0.2918096366907467,2.3931252566107133e-19,0.12337445748181788
2008-11-01,2.649501905907417e-19,0.040003682772156796,0.1953698567217634,0.0,1.8626873340007678e-20,0.17763817845697438,0.18956034951975861,0.045583301246831534,0.3445085413331826,0.0,0.007336089949332568
2008-12-01,0.00783177673611844,0.009243937779152868,0.1327719806401249,0.0,3.867621067331133e-19,0.19360013870647053,0.17651069077809542,0.05757014937954631,0.42247132598049164,0.0,1.483992590443757e-19
2009-01-01,0.017366535450726445,0.0,0.09937122720355966,0.0,4.562148224803405e-19,0.1764190256866201,0.17782440000145783,0.05541021590854167,0.46559085346853835,0.0,0.00801774228055599
2009-02-01,0.02176222443557728,4.0860428375173366e-20,0.07302126875115636,0.0,5.509322081918056e-19,0.18553855389685972,0.1789893727032293,0.054940992282832765,0.47024738788484644,8.585423632657229e-20,0.015500200045498146
2009-03-01,0.023598001091257433,0.0,0.06578213511593999,0.0,4.429508880163326e-19,0.18408740866612835,0.18515728682148444,0.05561504765940298,0.4711465286459468,1.0502199833655954e-19,0.014613591999840053
2009-04-01,0.029172757746847345,0.0,0.021817533194797522,0.0,6.034854748866362e-19,0.17814714790698777,0.19154663277118364,0.0655468745763646,0.49375785423348956,1.4432856372846645e-19,0.02001119957032961
2009-05-01,0.03187359502417743,5.143919920964752e-22,0.016944968827370423,0.0,6.214718625726595e-19,0.17999107098393013,0.19186057380911017,0.06748052841203638,0.491874178824891,2.307057913528326e-19,0.01997508411848455
2009-06-01,0.031996953788431926,1.5036768169004778e-20,0.014054732587928715,0.0,6.255379314230614e-19,0.18125131001880368,0.18714776832405552,0.06559331939343602,0.49613944049943554,2.4968104208933573e-19,0.023816475387908664
2009-07-01,0.03323871947682365,2.628347228633569e-20,0.013947184945049354,0.0,6.162719096792167e-19,0.17899927644542588,0.1857923963630495,0.0664128944401029,0.49736649807893607,2.5613773360865464e-19,0.024243030250612693
2009-08-01,0.0334750541095187,3.3212993039712826e-20,0.01079783193589126,0.0,5.969837319079441e-19,0.1821203555303115,0.18220900811722537,0.06330425000913889,0.5056345420542848,2.959067180139901e-19,0.022458958243629354
2009-09-01,0.03349882964147374,5.333840629852854e-20,0.009825688133332497,0.0,5.865649062430215e-19,0.18647015264216105,0.18169710154589883,0.06503089358475576,0.5058967040906838,3.197342706971777e-19,0.017580630361694362
2009-10-01,0.03369498481580624,5.652644871445139e-20,0.008738480215803085,0.0,5.688155998894664e-19,0.18963788149057312,0.1807485598885503,0.06453137554260502,0.5056395603914752,3.433764911493111e-19,0.017009157655187065
2009-11-01,0.03621523125489983,7.513902535997829e-20,0.005569358359334912,0.0,5.515865887715968e-19,0.20605321930246132,0.17404672135527768,0.06316712873653957,0.5018951052075347,3.4447718254055883e-19,0.013053235783951976
2009-12-01,0.03522619471842147,8.226524068916444e-20,0.0030130932476860554,0.0,5.7414883404311575e-19,0.20767298605046647,0.17524479584133462,0.06209523917656416,0.5081898625505629,3.5885266940559115e-19,0.008557828414964252
2010-01-01,0.03638101293496664,7.415701243069465e-20,0.0032596086864942007,0.0,5.628185176465558e-19,0.21287877289374166,0.1730137380245621,0.06157877985847503,0.5068552719155909,3.763098596657786e-19,0.006032815686169487
2010-02-01,0.033373605255734615,6.970573218894786e-20,0.005205834920245086,0.0,5.703225826655414e-19,0.21243029543835462,0.1688801284362051,0.06144408261924796,0.5079730130804893,3.7573218136810776e-19,0.010693040249723451
2010-03-01,0.034122351904938245,7.326361538619112e-20,0.0028467875682307163,0.0,5.572901368539052e-19,0.21390092787213763,0.1684585460867425,0.0628549366734148,0.5067506007805604,3.8502523085938047e-19,0.011065849113975715
2010-04-01,0.03498553677289538,8.575712842542847e-20,0.001023282710735982,0.0,5.819656848443122e-19,0.21564488570530102,0.16828414892485086,0.06351158523296785,0.5052632026039483,3.943550735977369e-19,0.011287358049300632
2010-05-01,0.03914992065840776,1.4201688372895675e-19,2.5906141219713574e-19,0.0,7.17145136581342e-19,0.22405308717798658,0.1636816964044798,0.060307616159939556,0.5040930265816592,4.909743148084399e-19,0.008714653017527085
2010-06-01,0.0368681704402157,1.562012770973834e-19,2.744234646531789e-19,0.0,7.015071180631727e-19,0.22858416517687602,0.16142430723255347,0.05977417662727581,0.5058377422215523,5.058165663551349e-19,0.007511438301526668
2010-07-01,0.037072334838692225,1.6821937256416852e-19,2.9448322047478246e-19,0.0,7.398098337849837e-19,0.22896168501034045,0.15830122184725787,0.060342521690927596,0.5095308402176149,5.288663328168244e-19,0.005791396395166978
2010-08-01,0.03840828002723006,1.703627800383006e-19,2.890864351093719e-19,0.0,7.25058887721818e-19,0.2280977505316817,0.15911518764257587,0.059806480461328484,0.5094994405086113,4.996109366089119e-19,0.005072860828572535
2010-09-01,0.03897016043976719,1.932430256532471e-19,3.060199288875182e-19,0.0,7.621010430510465e-19,0.22627699031117798,0.16049131516974893,0.06026245308757438,0.5116455215553518,5.1934788849045395e-19,0.0023535594363796927
2010-10-01,0.039231748024493994,1.6411177763489664e-19,2.7244439694285623e-19,0.0,6.955178075490448e-19,0.2263796974568022,0.16008368042369733,0.06062192678578294,0.5136829473092238,4.535690880399494e-19,2.5172351348037877e-19
2010-11-01,0.04058649816851425,1.7048428432742516e-19,2.8498008119873965e-19,0.0,7.212714231687814e-19,0.2160863766293637,0.1606269001266538,0.06527534949440274,0.5174248755810654,4.635558621511739e-19,2.5385492492050257e-19
2010-12-01,0.04028699542762896,1.8020742411864697e-19,2.965337062417454e-19,0.0,7.594784661480081e-19,0.21284097512830424,0.16168332432186738,0.06461682370999706,0.5205718814122023,4.86284145717886e-19,2.5628433187405327e-19
2011-01-01,0.0398150057696779,1.8911017312195647e-19,3.1348750553113507e-19,0.0,7.922234113532823e-19,0.2149599890915079,0.16096138972093124,0.06304002947678583,0.5212235859410972,4.939228441862182e-19,2.6385671533838525e-19
2011-02-01,0.040814696959289194,1.9782565671303946e-19,3.340138602239002e-19,0.0,8.09434839138157e-19,0.21436740659673698,0.16091224766516177,0.06146627981261134,0.5224393689662007,5.250231066979482e-19,2.7155126985815626e-19
2011-03-01,0.04179534248381562,2.0473172998667709e-19,3.375030941104404e-19,0.0,8.385199068797527e-19,0.21572587151543615,0.1588636113922517,0.06614192284142756,0.517473251767069,5.373202494994423e-19,2.6982397520850736e-19
2011-04-01,0.04000086148362285,2.2010619435370833e-19,3.6484876569702263e-19,0.0,8.658942578404264e-19,0.21662013763437907,0.15608771430238103,0.06862367084485227,0.5186676157347648,5.586675182554459e-19,2.887683113232026e-19
2011-05-01,0.04201386974300368,2.1775678521308183e-19,3.7097584814593817e-19,0.0,8.568066305098544e-19,0.21616222875467575,0.15428457960936073,0.0706814637729951,0.5168578581199649,5.805459437320277e-19,2.933374406101299e-19
2011-06-01,0.041138290896602085,2.357635915904289e-19,3.807761021530958e-19,0.0,8.873419785030976e-19,0.2151700947104857,0.15040202662183086,0.0707718465609828,0.5225177412100986,5.917130816642101e-19,3.13474416449848e-19
2011-07-01,0.04429352142904261,2.317029873846213e-19,3.8729680544151025e-19,0.0,8.960678775493399e-19,0.2141461597125745,0.1482046543220129,0.07193173741550067,0.5214239271208693,5.882036527382858e-19,3.160942079274066e-19
2011-08-01,0.0479706030087123,2.4699034737852093e-19,3.875409307603214e-19,0.0,9.08010231850571e-19,0.21257501759706543,0.13948656969412684,0.07295750214069464,0.5270103075594009,5.942093829629909e-19,3.1308775714144964e-19
2011-09-01,0.046849601671965,2.650741139400684e-19,4.120979656094044e-19,0.0,8.911843443524673e-19,0.21450237247606233,0.1334737721559225,0.0744961146263113,0.5306781390697389,6.055153302563398e-19,3.525460312530799e-19
2011-10-01,0.049647297218444096,2.7652338003627674e-19,4.340078754190107e-19,0.0,9.168183791735022e-19,0.2128571980663377,0.1326170547344403,0.07031243949168739,0.5345660104890905,6.198951911676632e-19,3.408402626753413e-19
2011-11-01,0.050967994550102404,3.1577774591249177e-19,4.522657246162199e-19,0.0,9.808472485369425e-19,0.20839918281076508,0.12895569765651166,0.0676259608113041,0.5440511641713166,6.47439498962725e-19,3.4628988527695513e-19
2011-12-01,0.05170302428768315,3.3431105145542994e-19,4.802937366827769e-19,0.0,1.0453469332167879e-18,0.20339013154504745,0.12547453342493273,0.0683578533524838,0.551074457389853,6.759407495209389e-19,3.484942777657894e-19
2012-01-01,0.05349629389609951,3.2932661846723615e-19,4.921166615909114e-19,0.0,1.0430394914855266e-18,0.2029915746230886,0.12436939321195517,0.0677050688674914,0.5514376694013653,6.804929495573378e-19,3.4372937746058356e-19
2012-02-01,0.054295995482158785,3.319059066197928e-19,5.132922558195021e-19,0.0,1.0677553660973255e-18,0.20069988851014087,0.1238824979014379,0.06668477700540851,0.5544368411008539,7.027606934253882e-19,3.19473163927852e-19
2012-03-01,0.05558615975123317,3.3563523864688497e-19,5.181948072216589e-19,0.0,1.0640892871038013e-18,0.1974326171345188,0.12653515588280878,0.06775270355968555,0.5526933636717538,7.10615304349172e-19,3.234560385362001e-19
2012-04-01,0.055543777863573986,3.465900096523599e-19,5.270362938002907e-19,0.0,1.083066725892667e-18,0.196001333661446,0.1265397185817717,0.06865331153414862,0.5532618583590597,7.372850233243578e-19,3.3572775549369553e-19
2012-05-01,0.053221688337351275,3.156938446640699e-19,4.617757762927609e-19,0.0,9.67706950892228e-19,0.20115608014240335,0.1283139701506733,0.07087217440779287,0.5464360869617793,6.577307701598327e-19,3.3129350021238233e-19
2012-06-01,0.05405916070471597,3.083024329146982e-19,4.459584848091351e-19,0.0,9.43600914294339e-19,0.2023266452393927,0.13135675256387624,0.0703315412908154,0.5419259002011997,6.387831230169947e-19,3.198710667672931e-19
2012-07-01,0.049954564402673284,3.15192603069091e-19,4.502653477924427e-19,0.0,9.39941538673277e-19,0.2010772793183627,0.13557586330891042,0.06833398782687763,0.545058305143176,6.711070106300801e-19,3.3027736117735172e-19
2012-08-01,0.04601447104011998,3.08895238942715e-19,4.363140882849035e-19,0.0,9.206551354255794e-19,0.19943011429888133,0.1394018685683629,0.07450226941609585,0.5406512766765399,6.478258092846302e-19,3.2381268680365733e-19
2012-09-01,0.051809525280161015,3.3954596223944664e-19,4.84982460305259e-19,0.0,1.007380141866841e-18,0.18456047554180155,0.1456282860315372,0.07200142451522312,0.546000288631277,6.976091976052767e-19,3.245376955053775e-19
2012-10-01,0.05099413902962609,3.4270910757242026e-19,5.058577541627881e-19,0.0,1.0190088897139675e-18,0.1827115572866602,0.1476559135492163,0.07428655349812367,0.5443518366363737,7.130410061651013e-19,3.3455759676493546e-19
2012-11-01,0.049103997103786504,3.4481956879469255e-19,5.64148231148577e-19,0.0,1.1421141576284593e-18,0.17924524270890219,0.150540377545076,0.07103488391984186,0.5500754987223934,7.648320202520013e-19,3.245171775326917e-19
2012-12-01,0.05148907098426935,3.5263617102331564e-19,4.9912339873995375e-19,0.0,1.0600772512327602e-18,0.1815866910789977,0.1393142916493072,0.07290686694735489,0.5547030793400709,7.596141356307162e-19,3.437201755470956e-19
2013-01-01,0.05172536958414852,3.5459368117095617e-19,5.02692472304244e-19,0.0,1.0584099487120128e-18,0.1804032238997882,0.14001524300254317,0.07541192734754747,0.5524442361659726,7.481272120623225e-19,3.362503899131208e-19
2013-02-01,0.048312046833908245,4.090560590584248e-19,5.666469118795083e-19,0.0,1.2176032492107207e-18,0.17201160196808127,0.13986799502365332,0.08624808607944294,0.5535602700949142,8.432474772912701e-19,3.8524545722422254e-19
2013-03-01,0.04414386556260485,3.971773966455711e-19,5.691172932654546e-19,0.0,1.2036190524917601e-18,0.1690981265623849,0.14348189075013718,0.08890131518644873,0.5543748019384243,8.481339624249771e-19,4.156314521049191e-19
2013-04-01,0.050108834817581875,4.2832011019565526e-19,6.179868175550905e-19,0.0,1.2874963155372076e-18,0.16525353988191183,0.13717346803250366,0.08890275425418698,0.5585614030138157,8.772813128358505e-19,4.343094844507797e-19
2013-05-01,0.051736804067680504,4.589902611283261e-19,6.532560474230352e-19,0.0,1.3838136251523965e-18,0.155275635441633,0.14235830528662144,0.09307070021421539,0.5575585549898499,8.712436591835718e-19,4.385445007350892e-19
2013-06-01,0.0528228829785157,4.592274745534575e-19,6.472737107641229e-19,0.0,1.4038146685964636e-18,0.156350564066354,0.13993422540986925,0.09299552465139502,0.557896802893866,8.866605168797453e-19,4.606691033268941e-19
2013-07-01,0.05530213515877845,4.848254566078074e-19,6.883075990952045e-19,0.0,1.467740214281162e-18,0.15047913635643398,0.13773372282999832,0.0910151701124371,0.5654698355423522,9.523396852661613e-19,5.214617253315057e-19
2013-08-01,0.05531168825819017,4.541967656859875e-19,7.143368468947337e-19,0.0,1.5047120840021043e-18,0.1394178875490078,0.12193202626438472,0.10995452304732596,0.5733838748810913,9.956089659344205e-19,5.746011255283123e-19
2013-09-01,0.0562364565070982,5.475321732715916e-19,7.2763873221946485e-19,0.0,1.5922991301056975e-18,0.1324141375251336,0.10456594901825166,0.11750699828768225,0.5892764586618343,1.2107000591529284e-18,6.929049595625088e-19
2013-10-01,0.08191032295399382,6.097868069628551e-19,7.835781889534531e-19,0.0,1.5595432569287557e-18,0.11891430618725532,0.10919791314458971,0.11809847933897152,0.5718789783751896,1.3441850563912524e-18,8.409474825728861e-19
2013-11-01,0.05985066200046971,1.06418280697807e-18,2.0739020148569425e-18,2.0426610429424581e-19,3.1204690089803272e-18,0.14129970057101585,0.19929105233109526,0.067665579902268,0.5110573147568471,2.3833652863312028e-18,0.020835690438304074
2013-12-01,0.05929251345909774,7.960345318316934e-19,1.763863107739031e-18,0.0,2.8130542594151956e-18,0.12081203695719944,0.23117733939840432,0.053099392620776516,0.46013514795456506,2.0459755979628166e-18,0.07548356960995675
2014-01-01,0.05449663106756811,1.2364862839567277e-18,2.1227899751500567e-18,3.2641871176963863e-19,3.856689146712659e-18,0.15261038246793163,0.2516661724474937,0.05931739496574869,0.4349368099302992,2.5380478931990845e-18,0.04697260912095875
2014-02-01,0.052897002005235484,1.2726805250588959e-18,2.591833059191472e-18,2.644369989854405e-19,3.859865261683259e-18,0.1518931648160597,0.2410088366658551,0.06629972560031076,0.4456431908196711,2.849858073594434e-18,0.042258080092867786
2014-03-01,0.05210466109564723,1.3867355292732131e-18,2.6163820167024847e-18,7.433025479465568e-20,4.1198299790033694e-18,0.15441972843777485,0.23132480874545622,0.06614695703162139,0.4523367295248765,3.165623622269032e-18,0.04366711516462379
2014-04-01,0.05922787988797004,1.4473179717516587e-18,2.418044038561873e-18,9.056916743609368e-20,3.557388434225369e-18,0.18132964886897102,0.22417792838731598,0.058585305991014705,0.4308038189127155,3.2581447353663703e-18,0.045875417952012686
2014-05-01,0.05785465953725929,1.5040634779097034e-18,2.6335362179001746e-18,0.0,3.2418014160381126e-18,0.17555281478884718,0.22063547457017282,0.05680712231206394,0.4408527050826106,3.2437548470989796e-18,0.04829722370904619
2014-06-01,0.05944530347746386,1.4283403006033204e-18,2.691163218195966e-18,2.8885274201944206e-20,3.2385740145079604e-18,0.16889894475101386,0.2324419426049926,0.06539517401716494,0.4331765460674214,3.3633745391012153e-18,0.04064208908194343
2014-07-01,0.05806136635649568,1.3691726164409348e-18,2.735666013368907e-18,0.0,3.4172286935050068e-18,0.17280521473445257,0.23039367453304427,0.06147710368767838,0.4342025744467061,3.4134121894152726e-18,0.04306006624162297
2014-08-01,0.05699290999333445,1.29247506964036e-18,2.7987089682555783e-18,0.0,3.511913391622199e-18,0.16988377936309682,0.23913206121666836,0.06805790442722734,0.4240508900050113,3.212185778879801e-18,0.04188245499466182
2014-09-01,0.05980331540660479,1.1862403099975232e-18,2.6496602623236794e-18,0.0,3.532106342794148e-18,0.16734806135318295,0.23400246242868716,0.0674788156561905,0.42560950645338946,3.1073100460718005e-18,0.04575783870194515
2014-10-01,0.06022667070996807,1.143515547892138e-18,2.6020444366056088e-18,0.0,3.63727174737857e-18,0.16854666624321807,0.23536161682415307,0.06913489498573452,0.4250822819490861,3.0585805889667602e-18,0.04164786928783999
2014-11-01,0.05818569720811452,1.126926590209101e-18,2.5916046043841514e-18,0.0,3.414258778518616e-18,0.16768494865017405,0.24283126714257353,0.06824467129913357,0.41960165336312405,2.882632918210693e-18,0.043451762336880265
2014-12-01,0.060961575748571556,8.48687145648248e-19,2.067736891866453e-18,0.0,2.6875477491918397e-18,0.1704879647839574,0.2415392674295396,0.06671400588432362,0.40095972440360184,2.136559067906014e-18,0.059337461750005996
2015-01-01,0.058624658509994626,7.509058152874099e-19,1.8675995209558406e-18,0.0,2.5326586434344352e-18,0.1642902667769814,0.24184304241489515,0.06613354829087666,0.4083973141772306,1.852410812233306e-18,0.06071116983002167
2015-02-01,0.06154500377354506,7.794624145734593e-19,1.9131286320106603e-18,0.0,2.4382429805095416e-18,0.1759661169901881,0.256050305743816,0.06702849433050297,0.39091094952347005,1.8139191108594003e-18,0.048499129638477904
2015-03-01,0.0637563366209177,6.86200638423983e-19,1.654027121830339e-18,0.0,2.1455751842400455e-18,0.17674948519155995,0.24644150022582534,0.06454528467211916,0.3871323357046962,1.503716631603472e-18,0.06137505758488161
2015-04-01,0.064670108333908,5.919658991525635e-19,1.6190150648083446e-18,0.0,2.019100793200326e-18,0.16963986425197541,0.23988234608326017,0.0678277583810737,0.39106526175990697,1.3973386995161502e-18,0.0669146611898756
2015-05-01,0.0641548480186999,5.506302545861232e-19,1.5948834043740795e-18,0.0,1.9306061917644668e-18,0.16843641353623984,0.24406454279893633,0.0701762001545576,0.3842712840928047,1.2684410766670973e-18,0.06889671139876158
2015-06-01,0.07097147576898194,4.210842711697006e-19,1.353886021210372e-18,0.0,1.7170437069411083e-18,0.16003214269213076,0.24431171589429776,0.07366086276171711,0.37280136277878523,1.1147511643415285e-18,0.07822244010408705
2015-07-01,0.0716117834091077,3.6979026566120614e-19,1.280686844348827e-18,0.0,1.606456068991317e-18,0.1482128506872826,0.2494969891703267,0.07008353327330297,0.3699719180545239,1.0309991376759855e-18,0.09062292540545627
2015-08-01,0.07328720155206185,2.1302530886745462e-19,1.1521274840208734e-18,0.0,1.4654844452225013e-18,0.14192822095542726,0.25447610096193357,0.06882598286960549,0.37088516392360477,9.653003237580332e-19,0.09059732973736724
2015-09-01,0.06925763711929879,3.279623591177877e-19,1.1927666464199061e-18,0.0,1.5009274322093913e-18,0.13447218975640043,0.2774402598433034,0.07513225518623995,0.3625350597567066,8.306844510598787e-19,0.0811625983380508
2015-10-01,0.07020153884499378,3.1131145000031545e-19,1.17487733552732e-18,0.0,1.4513938747941955e-18,0.116505258870913,0.28761222180435153,0.07316288401805873,0.36924871275505955,8.133199060921501e-19,0.08326938370662358
2015-11-01,0.0743737873588861,2.4987186570473117e-19,8.373667426388018e-19,0.0,1.1033594280033865e-18,0.1207173785812303,0.30013181852782805,0.07009962791967117,0.33998512913937695,5.260181076357986e-19,0.09469225847300744
2015-12-01,0.07633874806098723,2.794494050716818e-19,8.35366632716473e-19,0.0,1.1287983046774926e-18,0.12016768407524712,0.30989956400929114,0.07091066733381668,0.33274155253487614,5.029416587290828e-19,0.08994178398578177
2016-01-01,0.07505222405541542,2.399765615414075e-19,6.413930237922689e-19,0.0,9.573410183253377e-19,0.11250595919347417,0.30778060823999687,0.06616845050234173,0.34155246515693855,3.9589381691440283e-19,0.0969402928518332
2016-02-01,0.07331206783815258,2.667903155871095e-19,6.4396381256612165e-19,0.0,1.002815379451367e-18,0.10958883114212163,0.31479079950678107,0.07821414792700118,0.3377087695087438,3.315612366733905e-19,0.08638538407719977
2016-03-01,0.07420143772696002,2.908861639466967e-19,6.960560355153873e-19,0.0,1.062348630259994e-18,0.10556046242600015,0.3171421099271291,0.0772027241539762,0.3401168104502176,3.7212590799311975e-19,0.0857764553157171
2016-04-01,0.07622045251145189,5.945228066514222e-19,8.11985415634092e-19,0.000812463509158865,1.5119561006196145e-18,0.10105345928067914,0.32329237365793484,0.07404723581154699,0.3356703007658972,7.603824902534428e-19,0.08890371446333101
2016-05-01,0.07437497711015323,5.7914286809564585e-19,7.81112976701971e-19,0.0005525198079156399,1.477190514389414e-18,0.10220790638259061,0.3235809500508286,0.0741462274470011,0.3312434613468853,7.123862959827194e-19,0.0938939578546254
2016-06-01,0.0787221840315988,6.066633560425639e-19,7.907249178987852e-19,9.876283136977482e-05,1.5141370402547176e-18,0.10934635659546788,0.33371680784828045,0.08187616117310902,0.29986268710470476,5.276352701152801e-19,0.09637704041546935
2016-07-01,0.0763362924708609,6.15988174540224e-19,7.56012860934792e-19,0.013739631832466462,1.6027565177695781e-18,0.10891331910283536,0.3235076043019834,0.07922484342946916,0.2999777487984894,6.05551266023058e-19,0.09830056006389526
2016-08-01,0.07616372076408126,5.667424723606653e-19,7.085326348591329e-19,0.016459289123454554,1.5232129791221023e-18,0.10958067659764206,0.32166767445906413,0.074892587842623,0.2993795123804053,6.209567399885377e-19,0.1018565388327297
2016-09-01,0.07562328041320225,4.147176271823535e-19,0.005687705960922484,0.04779805976468463,1.552053822358977e-18,0.10198220190004217,0.31352094399451663,0.06398198034399871,0.271155733237058,5.635456052629771e-19,0.12025009438557509
2016-10-01,0.06835533260037115,0.0057180253270897475,0.018759935118824688,0.05078681687679554,1.4152163711563194e-18,0.09667346370616295,0.29920286260645923,0.06611340741744891,0.2646777144716466,4.799988556807719e-19,0.1297124418752012
2016-11-01,0.0647277380896452,0.027144242132130438,0.03360034665500784,0.06301774924598275,1.1498265385054748e-18,0.09086338705122747,0.2882888030005642,0.05101866759581864,0.2521937757123036,3.781181409102638e-19,0.1291452905173199
2016-12-01,0.05966488697359636,0.053251899614367146,0.046858960870752815,0.06137895593385442,9.45824366593561e-19,0.08702290107981557,0.2797805246439656,0.038891538458461654,0.23942192033767876,2.531387458162575e-19,0.13372841208750774
2017-01-01,0.05768861075323067,0.06265991443273795,0.05688288939115175,0.061312142467415925,8.410719748384917e-19,0.08204891716821873,0.27235174346950036,0.037896061128441655,0.2355041734316375,2.1338369058670268e-19,0.13365554775766547
2017-02-01,0.059699757883829446,0.062053315953096363,0.057481930740812065,0.06475555490046112,8.618423121806166e-19,0.08417763370347792,0.27228944754012,0.035894949379723415,0.23209229687621127,1.8862963680447326e-19,0.13155511302226852
2017-03-01,0.060313916964711584,0.06590125287903334,0.05743301501625259,0.06300040519362639,8.448936156203909e-19,0.08399013737951395,0.2683497357526922,0.03544143152544719,0.23086345725442772,1.7170956990679615e-19,0.1347066480342951
2017-04-01,0.05942516114636931,0.07136120285123543,0.05907839751380112,0.06386042171775622,7.914670638158704e-19,0.08338508505671755,0.26559034561319095,0.03379304301486444,0.22998767700500475,1.5762661003661762e-19,0.13351866608106028
2017-05-01,0.06278517312346386,0.07703363571863749,0.06278786033049134,0.05984253203534821,7.696172009364268e-19,0.08185806976249041,0.26037157188360327,0.03092120793555977,0.2346978651168508,1.6022135433658543e-19,0.12970208409355477
2017-06-01,0.06358432936432683,0.07766754948161231,0.06299160048882622,0.06169013262981314,7.44173775972211e-19,0.08091079628146366,0.2590454342208086,0.032281910733293034,0.2305915178280217,1.728565606296464e-19,0.13123672897183464
2017-07-01,0.06317017967616656,0.07775590694048992,0.07753136669906407,0.08019584650302206,9.479100836827402e-06,0.08419657342974883,0.2382235427907968,0.03146086768811205,0.21351388382456496,0.0027231809935719677,0.1312194777578184
2017-08-01,0.06159899174288253,0.07874733673386851,0.0768784375675789,0.08053944564013964,2.8405146739013654e-06,0.08448079187115132,0.24167999242457336,0.032914057332559754,0.2122628907233573,0.000497252570420653,0.13039789368799565
2017-09-01,0.05901729278574404,0.07548501269409635,0.06764174011145833,0.07384470573282234,5.776980356222042e-19,0.0794671301655468,0.256797670809241,0.031394482794489795,0.21904710149018172,1.1565755721777785e-19,0.13730486341641954
2017-10-01,0.05885114197611161,0.07723323088504518,0.06920113294990597,0.07524668603765057,5.44197251723953e-19,0.0814382345854185,0.253869676171609,0.030628948190118535,0.2174164853603312,1.0823304378669059e-19,0.1361144638438094
2017-11-01,0.06170587436493833,0.07969280612706531,0.06911779944384394,0.07775110060004563,4.960289734930787e-19,0.08316639949567181,0.2532240307608247,0.02999768128031103,0.20961595604634795,4.810978465255955e-20,0.13572835188095142
2017-12-01,0.06909951316689493,0.08037044309053984,0.07087532725143099,0.08189309753272976,4.2880888062742216e-19,0.0855934090831981,0.2510082124619982,0.027843584937275272,0.1914116251422195,0.0,0.1419047873337134
2018-01-01,0.07162417450405392,0.07637380662736222,0.07303654877806992,0.08281657325835218,4.384052239879126e-19,0.08562984579076052,0.24973475865415765,0.027474718570315488,0.19095875681613042,0.0007635891597124131,0.14158722784108527
2018-02-01,0.07486642696192133,0.07408072708936032,0.07322341878576683,0.08219918726306864,4.000069536607256e-19,0.08314848000895737,0.24747980932051877,0.028082452384699797,0.18937626817514333,0.0055104469983863385,0.1420327830121772
2018-03-01,0.0788728155436287,0.07225918794382023,0.06908689669890589,0.07917136831372251,4.615524262323503e-19,0.07931838720422647,0.2598401391486105,0.03794505706421283,0.1719184012535547,0.015616494270355788,0.13597125255896242
2018-04-01,0.07497066238167804,0.07554020627728908,0.07002594543978681,0.07344005956635957,4.923920736937709e-19,0.07702860454256252,0.26732926324633866,0.0384793248855828,0.16835102818460712,0.022335260321621257,0.13249964515417406
2018-05-01,0.0784936263240102,0.08573074156042508,0.06606707174761647,0.06329812123453206,5.33297756312646e-19,0.07647745644072201,0.27078488199830253,0.03824438186037329,0.16370260673660325,0.032339095019726885,0.12486201707768825
2018-06-01,0.07363534736400094,0.08639624517496468,0.06353920260753582,0.05968812856846842,5.829927426135602e-19,0.07862753919428568,0.2725052975336386,0.0441563695891868,0.16054607285647526,0.03768182810860413,0.12322396900283969
2018-07-01,0.06881172318366081,0.09276361708827467,0.05898075313456075,0.06585625512346356,5.729028810675901e-19,0.07937714951138329,0.2757815133543338,0.044577230342709204,0.15415328199257172,0.04104796517250093,0.11865051109654128
2018-08-01,0.06810364858240314,0.09494372574224355,0.055828890326530996,0.06661885988254122,0.006148885107467,0.0784104137333873,0.2778841343534485,0.04261124745129399,0.15500155454320738,0.03961390626295486,0.11483473401452217
2018-09-01,0.06530415069251001,0.10027145057450916,0.05403345730563463,0.07592888984527035,0.010043176103867426,0.07959879873643835,0.28381160926546256,0.041975121892041195,0.14027635311252443,0.035948035016827244,0.11280895745491455
2018-10-01,0.06691778226813773,0.09820208027432548,0.055076574473138726,0.07766699619297329,0.007622276776203427,0.07633786481711206,0.2871080974137944,0.04423386687843701,0.13951740090411552,0.03488214220585283,0.11243491779590953
2018-11-01,0.0619475837119588,0.09761550442904893,0.055530192174559574,0.07499740271789099,0.01223596217632484,0.07473891029907369,0.29738658895420167,0.052257209816689326,0.14059926816541396,0.02572349376848023,0.1069678837863581
2018-12-01,0.050392579824439294,0.10424387660944161,0.052851065511445125,0.06307234388800835,0.016598636609650518,0.07363528899832722,0.3072679306307024,0.05530162410477981,0.13879656932463905,0.03237416561452725,0.10546591888403949
2019-01-01,0.036774939678039936,0.10227980423448302,0.04111375999072786,0.056472822388837114,0.02864582958511905,0.07549025393461342,0.3253350528557566,0.05713463919792946,0.1361778903446229,0.037445270263155715,0.10312973752671495
2019-02-01,0.023765410288552023,0.11105621689402384,0.03247944430618853,0.05702454327577552,0.03794670531256371,0.07080659983808121,0.32491868269175395,0.05503008473307465,0.13907349073391478,0.04407946274256438,0.10381935918350745
2019-03-01,0.02228405841820933,0.1172754017865944,0.03328770499132849,0.05287572695596461,0.036929666031392624,0.0695788899628261,0.3236983908292004,0.058122444073691146,0.1386261899362543,0.04400003880445661,0.10332148821008184
2019-04-01,0.017509769060600335,0.12313544604527613,0.030008602619790544,0.051867603675447085,0.03963587962388988,0.0706532826169225,0.32651323634084184,0.05793620135311053,0.13857925082382727,0.040558311882738486,0.10360241595755545
2019-05-01,0.020552589394253036,0.11304115270113434,0.03027543573029813,0.05080189008184288,0.04011689492943097,0.07287314095006972,0.32859703914463223,0.06229918622700209,0.13754290873837946,0.037842418779009124,0.10605734332394803
2019-06-01,0.020067436528797847,0.1116298279196858,0.029365705400472234,0.0508647809584117,0.04154502084243743,0.07525121309069027,0.33246796428702724,0.06118370880870163,0.13659128857961442,0.0377024498976181,0.10333060368654325
2019-07-01,0.020267801171812566,0.11172841195681951,0.028388296062115372,0.050875981600471486,0.04499218006361103,0.07690656820285224,0.3344478887721117,0.055970814200216976,0.13727155354192774,0.03654896432935522,0.10260154009870616
2019-08-01,0.021880036322168128,0.10862292605798413,0.026540179012592206,0.04765114125140675,0.04910914028602483,0.07615533972220244,0.3383538768131833,0.05267158262403354,0.13675593657110202,0.03389531426267577,0.10836452707662683
2019-09-01,0.013673726747068975,0.10478409168033768,0.02741844921860587,0.052055159263061916,0.04810907692256452,0.07167335788120936,0.35325927409884794,0.05571392964869569,0.13238190835170996,0.035080179526958674,0.10585084666093936
2019-10-01,0.012679328527995061,0.10344870543172159,0.02641057488161422,0.05845612284902057,0.04764571023780272,0.07055228321185442,0.35184326557384893,0.05220268867832717,0.13075532889226016,0.03440716479430981,0.11159882692124526
2019-11-01,0.009507149304106588,0.112227690966258,0.02217819852745631,0.06259872275449115,0.05264316369702458,0.0672147405589709,0.3523151286825006,0.05493462148972785,0.12700514016673722,0.031579293978728516,0.10779614987399827
2019-12-01,0.008665149482414038,0.10134046933438721,0.023239008122446326,0.05797335623827012,0.05952986297558283,0.06766937876440074,0.35659938290352106,0.05484819093977764,0.12968615898826696,0.03095767180475275,0.10949137044618015
2020-01-01,0.01008937924820402,0.09594577007704602,0.022759396131872556,0.051451569133779844,0.06404489180494011,0.06742216326111326,0.3626370869010712,0.058403196344490274,0.1258549486610189,0.026150148824495355,0.11524144961196837
2020-02-01,0.004952179540916992,0.09480478256923579,0.023120558046726518,0.06384625222565779,0.0731842403181217,0.06355802121659387,0.3646948576268615,0.05764845685404412,0.12537316928763756,0.015427134987451373,0.11339034732675275
2020-03-01,8.625365413448115e-20,0.09366097614295786,0.022088374120599146,0.06832576792808506,0.07261924065659263,0.06264765467746365,0.3744478423165096,0.06237161918272679,0.1301136121295517,0.009318807141678544,0.10440610570383499
2020-04-01,1.2366905081316257e-19,0.11061440141598619,0.0010233316254343496,1.8357564012438225e-20,2.447674120096258e-19,0.11259483676696459,0.2684526347039403,0.08735128598565554,0.2802581638233006,0.0,0.13970534567871837
2020-05-01,7.225951095465844e-20,0.12069731572464176,0.0037259249801664374,2.1097443606170736e-20,1.3408447739201893e-19,0.13377290474050024,0.24001792301915592,0.06455792735829069,0.3070280429277612,1.784248536306037e-20,0.13019996124948385
2020-06-01,0.00838199331575315,0.11412473043006996,0.0007375828510806135,3.60146626262289e-21,9.264840711293265e-20,0.14253215437218988,0.2358335570796979,0.06958447808413634,0.31553748245617413,6.340706114511455e-20,0.11326802141089808
2020-07-01,0.012716562458281372,0.11162389432423576,1.506310693949892e-19,7.018222824218665e-21,1.4723869581758584e-19,0.13121141689845603,0.24580376576693158,0.07431261667502993,0.3303192397128541,1.3004828146913602e-19,0.09401250416421111
2020-08-01,0.015543480769512981,0.10942823163450945,1.3726318143538084e-19,1.1650420722612897e-20,1.352108869451835e-19,0.13591788124621623,0.24260693583587328,0.07716871305703901,0.3259922445482087,1.1219926995112357e-19,0.09334251290864036
2020-09-01,0.02284236115795881,0.10776284032662489,1.3154607522391655e-19,1.5688044270880477e-20,1.2599694370422096e-19,0.13977939799386213,0.235564541426009,0.07627543782035083,0.32143745119112704,1.085382978410405e-19,0.09633797008406723
2020-10-01,0.005648288930625654,0.1154047869388467,1.1855556616204882e-19,1.631688073462638e-20,9.902045819416767e-20,0.15698706249759609,0.22467230453430545,0.07889970389421404,0.3159536185472497,1.223300814865109e-19,0.10243423465716238
2020-11-01,3.4615387121259763e-20,0.11109250587507709,0.0003041794186328338,3.0778114108794473e-20,1.0822783363401075e-19,0.1534325453566198,0.21952684091990135,0.0882252877927119,0.3319331800430491,1.0326962486347127e-19,0.09548546059400796
2020-12-01,0.0029516919377307353,0.1080908715216609,1.5536849655883073e-19,5.4459310289410586e-21,1.0349562896589062e-19,0.1532232903581067,0.22114163509329168,0.09215817741946872,0.33840194040732796,1.9335820721642312e-19,0.08403239326241323
2021-01-01,0.004260157486533761,0.09996309209717433,1.5700873935312182e-19,4.1849315792317094e-21,1.0139080128208752e-19,0.1528240997105641,0.22381409718534087,0.09889003015984746,0.33699837598428084,1.8855027410514018e-19,0.0832501473762586
2021-02-01,0.010603655753420331,0.09962622666535532,0.00011432949038538606,6.977765439698517e-21,5.727980709805348e-20,0.14810781175833454,0.20906462555443817,0.0995821914504928,0.34809906262757667,1.8711565427598234e-19,0.08480209669999675
2021-03-01,0.013873009574863995,0.09852783447788624,0.0014081130661823442,0.0020561204163816603,1.009738350653965e-05,0.15419246604230769,0.21213092639419343,0.10008631775028648,0.3356122063972279,1.3237756025140136e-05,0.08208974938933797
2021-04-01,0.010255066106442367,0.1007073209964044,0.006698923296480433,6.82690890797384e-21,6.31553531435068e-20,0.15016203471069886,0.20273877982833471,0.10646377948485534,0.34431232150160335,1.9315085409915628e-19,0.07866177407518066
2021-05-01,0.009726376365005191,0.10353216727784417,0.006498349716379468,1.0746344625152316e-20,6.135405173709391e-20,0.14992653612027826,0.20214636196183364,0.10284365166263548,0.3462244013546929,2.0205296234587527e-19,0.07910215554133097
2021-06-01,0.003777835004267331,0.10378887210848217,0.005898781868247709,5.206887874388766e-21,4.110745355654829e-20,0.14608868620755963,0.1950633494412882,0.09972160910631034,0.36437552393709044,2.5111468748867304e-19,0.08128534232675415
2021-07-01,0.007985357128202846,0.10361152586640333,0.006431159649197729,7.967298701242684e-21,4.0914727225304897e-20,0.1385926200143289,0.19635287542450303,0.10132891904989494,0.3632063136163255,2.429560302840228e-19,0.08249122925114363
2021-08-01,0.005531118164997715,0.10108938464390699,0.005414198931757485,7.112475557429825e-21,4.0695367435929256e-20,0.13861191688346655,0.19731639000235227,0.10530745851828176,0.36408244593610933,2.4499067408163746e-19,0.08264708691912792
2021-09-01,0.004425007325535249,0.10173590753522802,0.005517383144433411,2.6074552539708547e-21,3.925899854583299e-20,0.13711031317030367,0.19908497685646936,0.10460016341759065,0.36436547486686177,2.4162621507258737e-19,0.08316077368357792
2021-10-01,0.002291667259386565,0.09993893417049148,0.0055326365375366554,0.0,3.7318501692679805e-20,0.1333772040172633,0.20111102790765206,0.10485696152498844,0.368231146764847,2.4269837136693046e-19,0.08466042181783451
2021-11-01,0.0,0.09870783498270856,0.004449399927180094,2.610395867812165e-20,4.317175029523987e-20,0.13290867358896638,0.1984034391841084,0.11063212772744424,0.3699480830069043,2.010544827500952e-19,0.08495044158268801
2021-12-01,0.001582814834434308,0.09513296294418899,0.0032386718358543122,0.0,3.592223653997631e-20,0.13520870917839664,0.19733428596406946,0.11513250764360501,0.36911111481411,2.239575881966303e-19,0.08325893278534134
2022-01-01,0.0010775910258417948,0.0938913070190034,0.0032133687929687803,0.0,3.045751762703366e-20,0.12995527541212515,0.20225159370409002,0.11535589758953516,0.3685422243205272,2.2052420726884286e-19,0.08571274213590845
2022-02-01,0.0,0.08836942815693288,1.8270466887199008e-19,1.6679074094366345e-20,5.68790072154406e-20,0.13180447059036252,0.18327148398109566,0.12198302141124082,0.37478703333380176,2.505459175401718e-19,0.09978456252656634
2022-03-01,0.0,0.09002481474120004,1.981811180130347e-19,2.1728133794331525e-20,5.726438538278457e-20,0.12909165980476478,0.1828380563818509,0.11792309327711874,0.3808545433712506,2.7156380382945666e-19,0.099267832423815
2022-04-01,0.0008642111331383489,0.08866312941790665,0.0007754567336852877,0.0,2.0746420663012146e-20,0.1289076954535991,0.18152902838642562,0.1172489416279406,0.37920389683729383,2.4801137309227027e-19,0.10280764041001059
2022-05-01,0.00037631446279132934,0.08909364092928919,0.0022173064796509627,0.0,2.2227461614494642e-20,0.12759709718014287,0.17746126567182546,0.1178484051203231,0.3826714653437807,2.463691785184311e-19,0.10273450481219641
2022-06-01,2.0814980640671137e-20,0.09158487711085819,0.003233545801715083,6.83961372352343e-20,0.0015728140689095253,0.13204491373744218,0.186945481951824,0.11726336269641778,0.3641288071627813,1.934878425870167e-19,0.10322619747005185
2022-07-01,1.1849930539256993e-20,0.0930649545489265,0.0019443972301837118,5.631091821649219e-20,0.0018452899117728653,0.1325282589885836,0.17764418044098643,0.11598423318476499,0.3751548751922593,2.1043510039484216e-19,0.10183381050252255
2022-08-01,0.0,0.0896113097962942,0.005881410507378698,4.4343088605663866e-20,0.003291686996312242,0.13917690907360783,0.17606574915266845,0.11525243838281163,0.3688434282973681,1.929423411690536e-19,0.10187706779355886
2022-09-01,7.800539060878953e-21,0.08615219320917276,0.004245005449974467,4.17730636293189e-20,0.004731676455642588,0.1407307562314812,0.18274787876705612,0.1141552479135596,0.36379785676439885,1.7337835648492817e-19,0.10343938520871439
2022-10-01,0.0,0.0806321768689713,0.004430986965839523,4.367262651820873e-20,0.0064363014312436625,0.13788244938550961,0.18145469858777102,0.11362607610074366,0.3698638219718827,1.7390187172088851e-19,0.10567348868803855
2022-11-01,0.0,0.08029353326752285,0.0030854990893589692,3.5442380358848973e-20,0.005174424342507134,0.14256879292394195,0.17282447801300413,0.10677405046670616,0.38078525331537943,1.799565083514588e-19,0.10849396858157935
2022-12-01,0.0,0.06352901132533846,0.005133206982903913,2.3101843872669904e-20,0.014434032048159358,0.14902183840885713,0.1666974395973296,0.09698436273389556,0.39728204615326923,1.9957160479684723e-19,0.10691806275024676
2023-01-01,0.0,0.06067281597700401,0.0032004604280990237,1.9716197562463258e-20,0.019104636214244314,0.15036985579242232,0.16581189067431437,0.09791353961584726,0.3971638671906962,1.9958940841213784e-19,0.1057629341073725
2023-02-01,0.0,0.06530076691923117,0.0009386151311635218,1.7598605104748766e-20,0.018332526536146913,0.15497591980914696,0.16295176465957764,0.09011465365498682,0.3995668249025004,1.9666621914738325e-19,0.10781892838724655
2023-03-01,0.0,0.06529743533750476,0.004817963183085267,1.480736661464255e-20,0.01603389099575616,0.15330635323942698,0.15097768496297942,0.08534375619027885,0.41806588815074885,2.3421095625165458e-19,0.10615702794021954
2023-04-01,0.0,0.06283738507519807,0.00416929396542956,8.13173976467139e-21,0.021296433868671256,0.15658679798650899,0.1457671640742465,0.0812200774369661,0.42390079089974725,2.3660058628112967e-19,0.10422205669323217
2023-05-01,0.0,0.060959550993802694,0.0036638501950776157,3.7475414089561116e-21,0.023767064204421803,0.15537197976438483,0.1389143606640677,0.08377772599671407,0.42932719949082204,2.4037715797101208e-19,0.10421826869070926
2023-06-01,0.0,0.05711829929426058,0.004094856431126223,0.0,0.025607670731026537,0.1541117226713992,0.13766148769044945,0.08138116716554762,0.43659430506964514,2.501726707533163e-19,0.10343049094654523
2023-07-01,0.0,0.057339883334187984,0.0034359763912657666,3.497625334871478e-21,0.025198123771884757,0.15359493667851096,0.1386293049729442,0.07927422384956465,0.43893294569091473,2.4614105442923675e-19,0.10359460531072702
2023-08-01,0.0,0.05754397266938493,0.004841379372336105,1.499509999494143e-21,0.023654838940692365,0.15466889040483867,0.1332830212409589,0.08308666795700993,0.43948813961795125,2.536985143959708e-19,0.1034330897968279
2023-09-01,0.0,0.0525058806481328,0.004814633177887574,0.0,0.02483858563995589,0.1417059454918604,0.130085977564351,0.08268440734335168,0.45943968701490023,2.9855449497111415e-19,0.10392488311956047
2023-10-01,0.0,0.0535095723245144,0.004545871924588925,0.0,0.025364269919992927,0.14034163412021264,0.12633326465219122,0.08310541883552292,0.4623512599506801,2.9976998611012366e-19,0.10444870827229676
2023-11-01,0.0,0.05835155194532416,2.8558185944189536e-19,0.0,0.026650686911622513,0.14186765914060762,0.10990952057128382,0.08702812953543637,0.46854581749158275,3.43106350691295e-19,0.10764663440414277
2023-12-01,0.0,0.06261412720811577,2.9493149542932056e-19,0.0,0.029232926838482314,0.14316049201048295,0.10656264438696955,0.09081375168135339,0.4618271088468553,3.244038432408881e-19,0.10578894902774068
2024-01-01,0.0,0.06343994370734336,0.002434176698067218,0.0,0.02858570139645982,0.14168282365206447,0.09436662854657496,0.09529251642201261,0.4667595761020906,3.1434983737693316e-19,0.10743863347538672
2024-02-01,0.0,0.06199739233746015,0.0056508872791231155,0.0,0.027015651374696872,0.14369128125808645,0.09260148795214376,0.09766610476760233,0.46504278235087604,3.1390480264087917e-19,0.10633441268001123
2024-03-01,0.0,0.059198907437028034,0.004608433153425754,1.5992952412384301e-21,0.02988555097536761,0.1425625877516946,0.09215521588236282,0.09832024897676503,0.4663998902427422,3.0728911000423645e-19,0.10686916558061392
2024-04-01,0.0,0.05811991325400663,0.005179713637060499,1.988954129094645e-21,0.030391469981608868,0.1414355100823914,0.09087257439827966,0.09906762847336935,0.467531647521779,3.0840664275294246e-19,0.10740154265150441
2024-05-01,0.0,0.061752976354827675,0.003522460470988991,1.3336415845287233e-20,0.028800413964997947,0.14135665234234016,0.09004512075117688,0.09763968927232426,0.4687224610653993,3.050096006446372e-19,0.10816022577794483
2024-06-01,0.0,0.06125085555694325,0.005118037258540863,2.418812737258204e-20,0.0285219652078856,0.14378965611892844,0.0887824600793377,0.10009097421027251,0.46369856994657904,2.799155104861328e-19,0.10874748162151265
